{
  "variants": {
    "active=false,facing=north": {
      "model": "bnp:portal_core"
    },
    "active=false,facing=south": {
      "model": "bnp:portal_core",
      "y": 180
    },
    "active=false,facing=east": {
      "model": "bnp:portal_core",
      "y": 90
    },
    "active=false,facing=west": {
      "model": "bnp:portal_core",
      "y": 270
    },
    "active=true,facing=north": {
      "model": "bnp:portal_core_active"
    },
    "active=true,facing=south": {
      "model": "bnp:portal_core_active",
      "y": 180
    },
    "active=true,facing=east": {
      "model": "bnp:portal_core_active",
      "y": 90
    },
    "active=true,facing=west": {
      "model": "bnp:portal_core_active",
      "y": 270
    }
  }
}
