{
  "textures": {
    "particle": "bnp:blocks/portal",
    "portal": "bnp:blocks/portal"
  },
  "elements": [
    {
      "from": [0, 0, 6],
      "to": [16, 16, 10],
      "faces": {
        "north": {"uv": [0, 0, 16, 16], "texture": "#portal"},
        "south": {"uv": [0, 0, 16, 16], "texture": "#portal"},
        "east": {"uv": [0, 0, 4, 16], "texture": "#portal"},
        "west": {"uv": [0, 0, 4, 16], "texture": "#portal"},
        "up": {"uv": [0, 0, 16, 4], "texture": "#portal"},
        "down": {"uv": [0, 0, 16, 4], "texture": "#portal"}
      }
    }
  ]
}
